Case_ID,Year,Province,Amount_Lost_IDR,Defendants,Verdict
1,2006,Sumatra,7545693324,4,Guilty
2,2019,Sumatra,1112057931,7,Not Guilty
3,2014,Kalimantan,9420433921,4,Guilty
4,2010,Sulawesi,5697988826,2,Not Guilty
5,2007,East Java,2405513000,4,Guilty
6,2020,Sumatra,498545575,8,Ongoing
7,2006,Central Java,9142617647,9,Ongoing
8,2018,Sumatra,5512915986,3,Ongoing
9,2022,Sumatra,4375113734,7,Ongoing
10,2010,Sumatra,6152427304,9,Not Guilty
11,2010,Kalimantan,7533079140,4,Guilty
12,2023,Sulawesi,3388900181,3,Ongoing
13,2020,Kalimantan,8364580739,5,Not Guilty
14,2003,Jakarta,9305520895,1,Ongoing
15,2007,Kalimantan,3312352331,3,Ongoing
16,2023,Central Java,7339260880,8,Not Guilty
17,2002,Central Java,6329951669,8,Not Guilty
18,2021,Kalimantan,249766485,4,Guilty
19,2020,Sulawesi,4616777399,2,Guilty
20,2001,Bali,8548622157,8,Ongoing
21,2023,East Java,1916376331,8,Ongoing
22,2011,Sulawesi,1648602123,4,Guilty
23,2005,Kalimantan,8872796764,3,Guilty
24,2001,Sumatra,5892980142,2,Not Guilty
25,2020,West Java,9675451402,9,Guilty
26,2000,East Java,4300388886,1,Guilty
27,2011,East Java,4978602017,7,Ongoing
28,2021,Central Java,6308328737,5,Guilty
29,2011,East Java,4056753219,8,Ongoing
30,2024,Kalimantan,439918242,4,Guilty
31,2016,Sumatra,3669803048,7,Not Guilty
32,2009,Sumatra,1282508426,5,Guilty
33,2015,Jakarta,7615215854,5,Guilty
34,2014,Sumatra,5284040339,9,Guilty
35,2014,Sulawesi,4860047370,9,Ongoing
36,2018,Sumatra,4138069949,9,Not Guilty
37,2011,Central Java,3907378030,6,Guilty
38,2022,Sumatra,7560546514,6,Ongoing
39,2019,Jakarta,1900658692,5,Not Guilty
40,2024,West Java,9930758202,9,Ongoing
41,2002,Kalimantan,1378579577,8,Ongoing
42,2004,Central Java,861535970,7,Not Guilty
43,2018,Sulawesi,3071575383,7,Guilty
44,2006,West Java,5170857496,6,Ongoing
45,2020,Central Java,392548508,5,Ongoing
46,2008,Bali,660956231,4,Guilty
47,2006,East Java,6573822065,3,Guilty
48,2017,Bali,3917305943,3,Not Guilty
49,2003,Sumatra,9387474387,6,Not Guilty
50,2024,West Java,6280660046,4,Not Guilty
51,2013,Sumatra,6290717,6,Guilty
52,2017,East Java,6865763334,3,Ongoing
53,2008,Central Java,2609361341,4,Ongoing
54,2020,East Java,5264654831,9,Not Guilty
55,2001,Jakarta,691740155,5,Guilty
56,2019,East Java,5695806516,7,Ongoing
57,2014,Jakarta,2536164289,2,Not Guilty
58,2006,East Java,643443984,5,Ongoing
59,2011,Kalimantan,7218506269,9,Ongoing
60,2007,,,,Guilty
61,2014,West Java,3252544792,9,Guilty
62,2002,Sumatra,4092594747,6,Ongoing
63,2013,Sulawesi,8195018728,4,Not Guilty
64,2016,Sumatra,7513592050,7,Guilty
65,2003,Bali,442489995,8,Ongoing
66,2017,Sumatra,2453016173,6,Guilty
67,2007,Central Java,5199411867,5,Guilty
68,2003,Kalimantan,7628023271,6,Guilty
69,2001,East Java,6590520096,5,Ongoing
70,2005,Bali,3791452456,8,Not Guilty
71,2021,Central Java,355371485,1,Not Guilty
72,2009,Central Java,3542260876,7,Not Guilty
73,2003,Jakarta,5679353510,2,Guilty
74,2021,Sumatra,8494153445,9,Ongoing
75,2017,West Java,9453617817,1,Guilty
76,2011,Sulawesi,7273212601,6,Not Guilty
77,2001,,,,Not Guilty
78,2009,Bali,4472849065,1,Ongoing
79,2003,Kalimantan,4087876007,4,Guilty
80,2013,West Java,9124455292,4,Not Guilty
81,2015,East Java,6850513480,9,Ongoing
82,2014,West Java,6944263816,5,Guilty
83,2007,Bali,8312628491,5,Guilty
84,2013,Sulawesi,6981630363,6,Not Guilty
85,2022,West Java,7660742291,1,Not Guilty
86,2024,East Java,6925595310,1,Guilty
87,2007,Jakarta,7662502485,9,Guilty
88,2020,Kalimantan,6361433534,3,Not Guilty
89,2015,Bali,8765972158,4,Guilty
90,2012,Jakarta,705372411,1,Not Guilty
91,2017,Jakarta,6179770957,9,Guilty
92,2014,Jakarta,6844079691,8,Not Guilty
93,2020,Central Java,2059487320,2,Ongoing
94,2023,Kalimantan,2645591858,8,Not Guilty
95,2024,Sulawesi,5709086418,7,Not Guilty
96,2012,Sumatra,8778459999,6,Ongoing
97,2008,,,,Guilty
98,2014,Central Java,4385565189,7,Ongoing
99,2012,Sumatra,7101710610,7,Not Guilty
100,2000,Kalimantan,5723247716,9,Guilty
101,2024,Jakarta,2119607930,1,Ongoing
102,2006,,,,Guilty
103,2008,Sumatra,6027961650,9,Guilty
104,2023,East Java,9538237436,9,Ongoing
105,2000,East Java,1798013429,6,Guilty
106,2011,West Java,9465296654,6,Ongoing
107,2007,Sumatra,3610715590,4,Not Guilty
108,2023,Bali,8422488340,4,Guilty
109,2010,Sulawesi,3635595863,5,Not Guilty
110,2018,Central Java,2208595442,3,Not Guilty
111,2016,Jakarta,1699724705,1,Guilty
112,2007,West Java,6863170446,1,Ongoing
113,2002,East Java,7701687779,7,Guilty
114,2002,Central Java,7109210982,1,Not Guilty
115,2000,Central Java,8557147442,1,Not Guilty
116,2004,Jakarta,9810080505,3,Ongoing
117,2009,Sulawesi,5838509244,4,Guilty
118,2006,Sulawesi,2001650769,4,Not Guilty
119,2008,Sumatra,9603653920,2,Not Guilty
120,2006,East Java,6497632833,1,Not Guilty
121,2008,Sulawesi,297923045,3,Ongoing
122,2007,Bali,1878611048,4,Not Guilty
123,2011,Sulawesi,4714268725,3,Not Guilty
124,2001,Central Java,2846936723,8,Guilty
125,2000,Jakarta,4705112358,1,Guilty
126,2015,Bali,7096815312,2,Not Guilty
127,2022,Sumatra,9931600280,7,Not Guilty
128,2022,East Java,1714889307,4,Guilty
129,2023,Sumatra,7980990178,8,Ongoing
130,2004,Central Java,39785284,3,Ongoing
131,2002,Bali,1019026902,6,Ongoing
132,2011,Bali,9598851934,9,Ongoing
133,2007,Bali,5717126287,1,Ongoing
134,2021,Central Java,6223452316,1,Ongoing
135,2002,Central Java,7170977163,8,Ongoing
136,2000,Sumatra,4921986984,3,Ongoing
137,2002,,,,Guilty
138,2004,Sumatra,1085598584,1,Ongoing
139,2014,East Java,2601766570,5,Ongoing
140,2013,,,,Ongoing
141,2002,Bali,2292416267,8,Not Guilty
142,2000,West Java,3358763888,3,Guilty
143,2004,Jakarta,3030608055,3,Guilty
144,2022,West Java,147835347,9,Guilty
145,2013,Sulawesi,8533781389,4,Ongoing
146,2006,Sulawesi,4824122888,4,Ongoing
147,2008,Kalimantan,9583634276,7,Not Guilty
148,2014,Sulawesi,2749791808,2,Guilty
149,2014,Sumatra,9556018786,8,Ongoing
150,2009,Sulawesi,5069106212,6,Guilty
151,2012,Central Java,381343354,3,Not Guilty
152,2018,Bali,444708576,9,Not Guilty
153,2006,Sumatra,2512141554,5,Not Guilty
154,2016,Jakarta,7251797579,8,Guilty
155,2019,Kalimantan,6002697043,7,Ongoing
156,2003,Kalimantan,2062142257,8,Ongoing
157,2004,Kalimantan,8665580221,7,Not Guilty
158,2022,Jakarta,5683802904,3,Ongoing
159,2006,Jakarta,8475390300,2,Not Guilty
160,2012,Jakarta,2492563046,7,Guilty
161,2014,Jakarta,9682820855,3,Not Guilty
162,2010,Kalimantan,5767652822,3,Guilty
163,2003,Kalimantan,617509747,2,Not Guilty
164,2012,West Java,7443744187,4,Ongoing
165,2006,Sumatra,9288359495,8,Ongoing
166,2018,Bali,5104920468,1,Not Guilty
167,2021,Sulawesi,3139888694,1,Ongoing
168,2001,Sulawesi,4138543150,5,Ongoing
169,2009,Central Java,5392500462,5,Ongoing
170,2012,Kalimantan,7137656576,1,Guilty
171,2024,Central Java,5903559658,6,Ongoing
172,2020,Sumatra,4371197917,1,Guilty
173,2005,Sumatra,5344571921,5,Not Guilty
174,2011,Central Java,3569590361,9,Ongoing
175,2011,,,,Ongoing
176,2019,Central Java,2580598336,6,Ongoing
177,2010,Sulawesi,2865620847,8,Not Guilty
178,2022,West Java,2479991720,1,Guilty
179,2024,Sulawesi,5793079805,2,Guilty
180,2006,East Java,6894224639,9,Ongoing
181,2000,Kalimantan,5662246014,3,Not Guilty
182,2000,Kalimantan,3722325728,6,Not Guilty
183,2024,Bali,4267349656,5,Not Guilty
184,2024,Jakarta,389615924,2,Not Guilty
185,2019,East Java,1240895198,7,Not Guilty
186,2012,Sumatra,469622282,4,Guilty
187,2008,Kalimantan,3287469733,1,Guilty
188,2002,Central Java,8271710403,4,Guilty
189,2006,East Java,6177903186,6,Ongoing
190,2005,Bali,99655811190,7,Not Guilty
191,2007,Sumatra,8066481100,7,Ongoing
192,2008,Jakarta,1363345238,7,Not Guilty
193,2004,Jakarta,7083721734,3,Guilty
194,2000,Bali,1411386644,6,Ongoing
195,2018,Bali,1634890194,8,Guilty
196,2009,Central Java,2562885600,4,Not Guilty
197,2011,Kalimantan,2344707359,8,Not Guilty
198,2023,Jakarta,1909767010,2,Not Guilty
199,2014,,,,Guilty
200,2021,East Java,9314397703,9,Not Guilty
201,2023,Sumatra,7055810061,8,Guilty
202,2008,West Java,7557326337,1,Ongoing
203,2019,West Java,6445363528,2,Not Guilty
204,2016,Bali,8382536583,6,Not Guilty
205,2016,Central Java,8222583259,5,Not Guilty
206,2019,West Java,3496099612,9,Ongoing
207,2011,Jakarta,4763768024,5,Not Guilty
208,2006,Sumatra,6557799279,2,Guilty
209,2001,Sumatra,1057861134,4,Guilty
210,2002,Bali,7503774061,9,Not Guilty
211,2016,,,,Not Guilty
212,2004,Kalimantan,3533152852,1,Ongoing
213,2016,East Java,8897081012,7,Ongoing
214,2023,Bali,2812885347,3,Ongoing
215,2016,Sulawesi,9437705091,2,Not Guilty
216,2016,East Java,2059076300,9,Ongoing
217,2001,Sulawesi,5131588946,3,Ongoing
218,2001,Kalimantan,5010356109,2,Guilty
219,2021,Bali,2652505603,8,Ongoing
220,2022,Sulawesi,6013547073,6,Guilty
221,2004,Bali,4196002956,6,Guilty
222,2000,Bali,2245039005,7,Ongoing
223,2000,Kalimantan,9120171846,7,Guilty
224,2018,East Java,7731000934,6,Not Guilty
225,2001,East Java,793787102,4,Not Guilty
226,2020,Bali,9859145214,9,Ongoing
227,2011,West Java,5091517436,6,Not Guilty
228,2005,Central Java,8237684215,4,Guilty
229,2022,Kalimantan,1605211883,3,Not Guilty
230,2003,Central Java,4778310766,4,Ongoing
231,2022,Central Java,8602032844,3,Ongoing
232,2010,East Java,6508627796,2,Guilty
233,2023,East Java,6845196059,5,Ongoing
234,2016,West Java,3410103897,2,Not Guilty
235,2005,Central Java,2778151246,6,Ongoing
236,2023,,,,Guilty
237,2004,Bali,5845473464,6,Ongoing
238,2019,East Java,3891772649,9,Not Guilty
239,2001,Central Java,5393954202,1,Guilty
240,2005,Sumatra,1298339971,6,Not Guilty
241,2021,West Java,7439703255,9,Guilty
242,2010,Sulawesi,7772872088,4,Ongoing
243,2015,Sumatra,7588730322,2,Guilty
244,2015,Sumatra,1821829110,4,Guilty
245,2000,Sulawesi,4953027716,1,Ongoing
246,2008,Kalimantan,9601263728,3,Not Guilty
247,2005,Kalimantan,6327022816,9,Ongoing
248,2015,West Java,767419605,5,Guilty
249,2002,Sumatra,9579834338,6,Ongoing
250,2019,Central Java,5399275016,3,Guilty
251,2003,East Java,7010453132,5,Ongoing
252,2018,West Java,252060664,8,Ongoing
253,2002,Bali,4904883672,6,Not Guilty
254,2018,Sulawesi,5475108735,4,Guilty
255,2019,Sumatra,2903716049,2,Not Guilty
256,2006,West Java,6210624700,9,Guilty
257,2019,Jakarta,68951050,1,Ongoing
258,2008,Jakarta,5744346789,1,Guilty
259,2000,Kalimantan,8185166687,4,Not Guilty
260,2007,Sulawesi,5433684579,7,Not Guilty
261,2006,East Java,2559729891,1,Not Guilty
262,2017,Central Java,2651663910,9,Guilty
263,2007,East Java,3573824891,4,Not Guilty
264,2000,East Java,7171888635,3,Not Guilty
265,2010,East Java,301353963,1,Not Guilty
266,2024,Sulawesi,1165569351,4,Ongoing
267,2024,East Java,6842075399,9,Ongoing
268,2017,Bali,7217111682,6,Guilty
269,2022,Sulawesi,5287371115,6,Guilty
270,2009,Bali,1963192953,1,Not Guilty
271,2002,Sulawesi,9408373653,2,Ongoing
272,2006,Kalimantan,4520761025,6,Not Guilty
273,2015,West Java,5854801061,2,Not Guilty
274,2015,Jakarta,4276556130,3,Ongoing
275,2024,East Java,6213036054,4,Ongoing
276,2019,Kalimantan,5728637619,5,Ongoing
277,2016,West Java,2728132636,9,Guilty
278,2001,,,,Guilty
279,2000,Sumatra,6111403229,9,Not Guilty
280,2015,Central Java,3530631798,3,Guilty
281,2011,,,,Ongoing
282,2004,Sumatra,515661654,1,Ongoing
283,2004,Sulawesi,3167164947,9,Guilty
284,2022,Jakarta,2885321565,9,Not Guilty
285,2008,Sumatra,400127635,2,Not Guilty
286,2008,Central Java,5399976917,4,Guilty
287,2002,Kalimantan,7679980551,8,Not Guilty
288,2018,Jakarta,2614429236,7,Not Guilty
289,2015,Sumatra,4980172851,1,Not Guilty
290,2015,Bali,4567018556,5,Ongoing
291,2002,Bali,4801266019,7,Ongoing
292,2019,West Java,977492182,4,Guilty
293,2023,Sumatra,5763448108,1,Ongoing
294,2021,East Java,5931961256,9,Not Guilty
295,2023,Sumatra,1488440641,5,Ongoing
296,2000,Kalimantan,9617669432,2,Guilty
297,2023,Jakarta,2190248960,8,Ongoing
298,2019,Jakarta,9285706565,2,Not Guilty
299,2010,Kalimantan,6729389947,3,Not Guilty
300,2016,,,,Guilty
301,2007,Kalimantan,6448403019,2,Ongoing
302,2003,Central Java,6614101221,7,Ongoing
303,2005,Sulawesi,6992992236,2,Ongoing
304,2007,Kalimantan,7394451469,6,Not Guilty
305,2019,Bali,4902751874,3,Guilty
306,2002,Kalimantan,1386247118,4,Ongoing
307,2015,Jakarta,99328226,8,Not Guilty
308,2024,Bali,4956495258,3,Not Guilty
309,2002,Jakarta,5256383970,6,Not Guilty
310,2024,West Java,8407637773,1,Ongoing
311,2017,East Java,2471307777,7,Ongoing
312,2013,Jakarta,2059811644,8,Ongoing
313,2017,,,,Ongoing
314,2001,West Java,4893818240,3,Ongoing
315,2021,Jakarta,8153971599,1,Ongoing
316,2002,Central Java,7857922861,9,Ongoing
317,2015,Kalimantan,1364787187,6,Ongoing
318,2008,East Java,3545210309,9,Ongoing
319,2003,Jakarta,2862766284,7,Not Guilty
320,2000,,,,Ongoing
321,2003,Central Java,6469682691,1,Guilty
322,2000,Sumatra,999800462,6,Not Guilty
323,2013,West Java,4023018590,5,Ongoing
324,2020,Kalimantan,8058810451,9,Guilty
325,2015,West Java,5488905756,2,Ongoing
326,2019,Central Java,4297395423,8,Guilty
327,2023,West Java,76968554,5,Guilty
328,2007,Central Java,6883913409,2,Guilty
329,2006,,,,Guilty
330,2002,Sulawesi,5205449624,8,Not Guilty
331,2016,Central Java,6377315261,4,Not Guilty
332,2000,Central Java,2661722590,2,Guilty
333,2015,East Java,1849284118,5,Ongoing
334,2011,Central Java,9323934152,2,Guilty
335,2018,Central Java,8911467220,2,Not Guilty
336,2021,Sumatra,3362653915,6,Ongoing
337,2022,Sulawesi,5435797549,9,Not Guilty
338,2021,Jakarta,9354435398,4,Not Guilty
339,2013,Kalimantan,9574029415,6,Ongoing
340,2005,East Java,1000204964,7,Guilty
341,2005,Sumatra,9539274683,6,Guilty
342,2012,Bali,7105201471,8,Guilty
343,2018,Sulawesi,1522433058,4,Guilty
344,2021,Jakarta,5055691782,1,Ongoing
345,2007,Jakarta,1663490620,7,Ongoing
346,2001,Bali,8435552452,3,Ongoing
347,2020,,,,Not Guilty
348,2000,Central Java,4870649981,2,Ongoing
349,2014,Sumatra,7690442021,9,Guilty
350,2000,West Java,7220731926,1,Not Guilty
351,2004,East Java,5110700471,6,Guilty
352,2015,West Java,1390423628,6,Guilty
353,2018,Bali,3584305689,5,Ongoing
354,2003,Jakarta,6998785068,5,Ongoing
355,2002,Kalimantan,855081204,1,Guilty
356,2016,Jakarta,4573493796,5,Guilty
357,2016,East Java,184108255,2,Not Guilty
358,2011,Jakarta,9732756528,7,Ongoing
359,2013,Jakarta,9231905972,3,Not Guilty
360,2020,East Java,4842286141,4,Not Guilty
361,2005,Sumatra,2638459164,3,Not Guilty
362,2002,Sumatra,5981285481,3,Guilty
363,2008,East Java,4107943017,4,Not Guilty
364,2004,Kalimantan,99655811190,5,Not Guilty
365,2023,Bali,439728895,1,Guilty
366,2016,Sulawesi,2830061239,4,Ongoing
367,2013,Jakarta,4050428904,8,Ongoing
368,2020,Kalimantan,3475128001,7,Not Guilty
369,2002,Jakarta,1200875168,9,Guilty
370,2000,Sulawesi,8291656497,5,Ongoing
371,2019,,,,Not Guilty
372,2020,,,,Not Guilty
373,2022,Kalimantan,5955323207,9,Guilty
374,2000,Central Java,9044884612,7,Not Guilty
375,2002,Central Java,1904843414,7,Ongoing
376,2017,Sulawesi,206431815,5,Guilty
377,2024,Central Java,164302599,4,Ongoing
378,2009,Sumatra,3205935766,1,Ongoing
379,2021,Sulawesi,3446124530,7,Ongoing
380,2002,Sumatra,2185331411,1,Not Guilty
381,2007,Bali,1665708839,1,Not Guilty
382,2013,Jakarta,6280014302,5,Ongoing
383,2023,Bali,8554807075,9,Ongoing
384,2017,Bali,2361582916,6,Guilty
385,2014,Sumatra,7863085621,3,Guilty
386,2021,Sulawesi,4650807470,3,Not Guilty
387,2022,Sulawesi,4192848776,7,Not Guilty
388,2001,Central Java,7162215438,6,Guilty
389,2009,West Java,4340753922,9,Ongoing
390,2001,Jakarta,1097992547,6,Not Guilty
391,2016,Sumatra,5415722371,5,Ongoing
392,2007,Central Java,4593412264,7,Guilty
393,2000,Kalimantan,4123423512,1,Not Guilty
394,2008,West Java,6350058166,7,Not Guilty
395,2010,West Java,8143461694,3,Guilty
396,2021,Sumatra,5679872329,9,Not Guilty
397,2015,East Java,538874083,6,Guilty
398,2006,Jakarta,6383387980,9,Not Guilty
399,2009,West Java,99655811190,5,Guilty
400,2022,Sumatra,8778777673,7,Not Guilty
401,2002,Sumatra,9066851152,4,Ongoing
402,2017,Central Java,8999006728,7,Ongoing
403,2024,Kalimantan,1615877159,1,Ongoing
404,2023,East Java,704016561,7,Not Guilty
405,2012,Jakarta,5471892019,8,Not Guilty
406,2006,Sulawesi,8283060755,5,Ongoing
407,2024,Bali,2904321771,2,Ongoing
408,2003,Kalimantan,4350577328,5,Guilty
409,2012,Kalimantan,1110955339,6,Guilty
410,2019,Central Java,2337533422,2,Guilty
411,2000,Sulawesi,7027870420,6,Ongoing
412,2007,,,,Ongoing
413,2013,West Java,4203184317,1,Ongoing
414,2015,Central Java,9366582486,1,Guilty
415,2013,Sumatra,9965581119,3,Not Guilty
416,2011,West Java,7530882261,3,Ongoing
417,2018,East Java,9747703704,4,Not Guilty
418,2022,Jakarta,6613343643,2,Not Guilty
419,2014,Kalimantan,3127509324,9,Not Guilty
420,2001,Kalimantan,4759582017,7,Guilty
421,2001,East Java,2944332564,7,Not Guilty
422,2022,Sulawesi,8985517043,6,Ongoing
423,2021,West Java,9238083542,3,Guilty
424,2018,Kalimantan,1776610133,6,Ongoing
425,2024,Bali,3193980832,8,Ongoing
426,2021,Sulawesi,9045903541,8,Guilty
427,2021,Jakarta,9241920086,9,Ongoing
428,2016,Jakarta,403682909,1,Ongoing
429,2019,Kalimantan,9281772231,1,Guilty
430,2009,Central Java,6692740857,3,Ongoing
431,2005,Sulawesi,3186629035,3,Not Guilty
432,2014,Kalimantan,3786802242,8,Ongoing
433,2021,Central Java,1194580419,1,Not Guilty
434,2010,Kalimantan,7120167329,2,Ongoing
435,2004,Bali,9926364184,2,Guilty
436,2000,Sulawesi,7484327892,3,Guilty
437,2007,Sumatra,1612729007,6,Ongoing
438,2020,Jakarta,2314680264,1,Guilty
439,2011,Kalimantan,7938304809,2,Ongoing
440,2011,,,,Guilty
441,2004,Central Java,7872302667,5,Not Guilty
442,2006,Central Java,48380429,7,Ongoing
443,2003,Jakarta,7515240632,8,Not Guilty
444,2005,East Java,7554457588,1,Not Guilty
445,2012,Kalimantan,2914614867,7,Ongoing
446,2019,Sulawesi,536642809,5,Not Guilty
447,2014,West Java,2764232387,1,Ongoing
448,2002,Central Java,9182879449,3,Not Guilty
449,2022,Sulawesi,2848743717,7,Ongoing
450,2007,Sulawesi,9074037,1,Ongoing
451,2019,Sumatra,125860617,7,Guilty
452,2015,Sulawesi,5012733421,5,Ongoing
453,2012,Sulawesi,1666045420,1,Ongoing
454,2017,Sumatra,7402967106,1,Not Guilty
455,2009,Central Java,6385888343,1,Ongoing
456,2018,Sulawesi,6870237405,9,Guilty
457,2016,East Java,6882163154,3,Not Guilty
458,2023,East Java,8689430267,5,Not Guilty
459,2018,Bali,2734706558,9,Guilty
460,2022,Sumatra,4935916306,6,Not Guilty
461,2004,Bali,7282754775,9,Not Guilty
462,2020,Sumatra,3204724363,8,Not Guilty
463,2022,Kalimantan,8513492857,8,Not Guilty
464,2008,Kalimantan,5197231796,1,Guilty
465,2011,Sulawesi,9603935264,9,Guilty
466,2020,West Java,5891212670,6,Not Guilty
467,2000,Kalimantan,746091232,9,Not Guilty
468,2000,West Java,2739270405,3,Guilty
469,2014,Kalimantan,8552822894,3,Guilty
470,2001,Jakarta,7505251003,6,Guilty
471,2021,Kalimantan,4082562201,9,Not Guilty
472,2015,Bali,2430018611,7,Not Guilty
473,2024,Central Java,4208550601,3,Ongoing
474,2007,Sulawesi,5005900098,3,Guilty
475,2012,Bali,3008559274,2,Not Guilty
476,2020,Central Java,2517035421,9,Guilty
477,2000,East Java,6814875829,3,Not Guilty
478,2015,Bali,2997472517,5,Guilty
479,2006,East Java,3993674298,9,Not Guilty
480,2004,West Java,3362163826,8,Ongoing
481,2021,West Java,242102738,2,Ongoing
482,2022,Jakarta,7958406242,3,Guilty
483,2002,Kalimantan,5264659929,2,Not Guilty
484,2011,Bali,1984127359,8,Not Guilty
485,2015,East Java,2066475539,6,Guilty
486,2018,Central Java,1870085588,6,Not Guilty
487,2004,West Java,8321869055,9,Guilty
488,2021,Kalimantan,3033328547,8,Not Guilty
489,2024,West Java,7006824601,4,Guilty
490,2013,Central Java,8201768418,4,Not Guilty
491,2004,Kalimantan,3351989591,9,Guilty
492,2014,Kalimantan,31190179,1,Not Guilty
493,2016,East Java,4541984104,2,Ongoing
494,2013,East Java,5263295725,2,Not Guilty
495,2019,Bali,5510350807,6,Guilty
496,2004,Bali,4451821461,4,Ongoing
497,2011,Sumatra,9774680566,3,Not Guilty
498,2015,Sulawesi,6138022430,3,Ongoing
499,2015,Sumatra,7924310296,3,Not Guilty
500,2020,,,,Ongoing
501,2006,West Java,3664992035,8,Guilty
502,2003,Bali,6709708202,7,Not Guilty
503,2000,East Java,1486717012,4,Not Guilty
504,2004,Central Java,3316103706,4,Guilty
505,2022,East Java,8962125445,2,Ongoing
506,2009,West Java,9607915470,1,Guilty
507,2021,Sumatra,7441810655,9,Guilty
508,2004,East Java,7851634905,2,Ongoing
509,2003,Sulawesi,2124780260,8,Guilty
510,2001,Jakarta,8503106132,9,Not Guilty
511,2019,West Java,4918587524,4,Not Guilty
512,2009,Sumatra,5117125092,8,Not Guilty
513,2018,Sulawesi,9916785586,9,Guilty
514,2000,,,,Not Guilty
515,2023,Sumatra,787045372,7,Not Guilty
516,2004,Kalimantan,95640288,4,Not Guilty
517,2012,Sulawesi,7388378292,1,Not Guilty
518,2003,Sulawesi,4677533240,3,Not Guilty
519,2015,Jakarta,4212287703,5,Not Guilty
520,2023,West Java,99655811190,3,Guilty
521,2015,Central Java,6031039067,7,Not Guilty
522,2022,,,,Not Guilty
523,2001,Sumatra,3401325542,6,Ongoing
524,2016,Jakarta,6653211376,1,Guilty
525,2019,Sulawesi,2633386145,7,Guilty
526,2023,West Java,5267261485,3,Guilty
527,2011,Bali,7933455521,5,Guilty
528,2017,,,,Not Guilty
529,2002,Kalimantan,606416964,5,Not Guilty
530,2000,Jakarta,7148632661,5,Ongoing
531,2000,Sumatra,4714995081,6,Ongoing
532,2018,Sumatra,7998172879,6,Guilty
533,2010,Central Java,3219149030,8,Ongoing
534,2004,Sumatra,5544031371,8,Ongoing
535,2011,East Java,8496710818,9,Guilty
536,2002,West Java,7534835123,8,Guilty
537,2000,West Java,4373043406,2,Ongoing
538,2000,Bali,2834086542,1,Not Guilty
539,2007,Bali,4990119091,2,Ongoing
540,2009,West Java,2406964455,2,Ongoing
541,2010,Kalimantan,7520325979,3,Not Guilty
542,2011,Bali,6692476336,7,Not Guilty
543,2012,Central Java,405379383,2,Guilty
544,2011,Sumatra,5771989442,1,Guilty
545,2013,West Java,1679165545,6,Ongoing
546,2001,Sulawesi,5893405926,9,Not Guilty
547,2018,Bali,1707740090,3,Guilty
548,2017,West Java,4697151466,6,Ongoing
549,2002,East Java,9431070026,3,Not Guilty
550,2022,,,,Ongoing
551,2016,Sumatra,1342529159,5,Guilty
552,2007,West Java,9432064462,4,Guilty
553,2009,Jakarta,6218407291,7,Not Guilty
554,2001,Bali,5021190570,6,Ongoing
555,2018,Jakarta,2569874203,7,Not Guilty
556,2008,Sumatra,144381494,5,Guilty
557,2006,West Java,3147644383,4,Guilty
558,2003,East Java,9935955108,7,Ongoing
559,2020,Kalimantan,8452447149,7,Ongoing
560,2017,Bali,7976212818,6,Ongoing
561,2012,West Java,5668925878,8,Not Guilty
562,2010,Sumatra,9116784180,4,Ongoing
563,2023,Bali,3115648221,5,Ongoing
564,2003,Central Java,1388322529,4,Guilty
565,2024,Jakarta,8504100921,1,Guilty
566,2020,Kalimantan,9148534975,8,Ongoing
567,2024,Sumatra,400562882,1,Ongoing
568,2003,Central Java,127118083,5,Guilty
569,2009,Sulawesi,3535579603,6,Ongoing
570,2004,West Java,5196849369,6,Not Guilty
571,2008,East Java,5923876413,5,Not Guilty
572,2023,Bali,4181967650,3,Not Guilty
573,2002,Jakarta,1447718939,5,Ongoing
574,2016,Bali,1274413896,8,Guilty
575,2002,Kalimantan,4771628229,2,Ongoing
576,2015,West Java,1093304599,6,Ongoing
577,2003,Bali,7814641173,9,Guilty
578,2017,Jakarta,5345399343,8,Guilty
579,2016,West Java,486087387,8,Guilty
580,2006,Bali,7384381408,8,Not Guilty
581,2023,East Java,1805396194,7,Ongoing
582,2022,Sumatra,3177864050,8,Guilty
583,2004,West Java,9412391825,6,Ongoing
584,2011,Sumatra,6932121226,2,Not Guilty
585,2016,,,,Not Guilty
586,2022,West Java,7465950032,8,Guilty
587,2012,East Java,3463584939,1,Guilty
588,2022,Sumatra,9681748378,6,Ongoing
589,2024,Central Java,8724575072,6,Guilty
590,2002,Jakarta,5648536610,4,Ongoing
591,2008,Central Java,9308761093,3,Guilty
592,2016,Bali,2815416531,3,Ongoing
593,2016,East Java,8921982143,1,Ongoing
594,2019,Central Java,926693742,3,Ongoing
595,2015,West Java,5843778254,4,Ongoing
596,2024,Bali,8885163092,5,Not Guilty
597,2021,Bali,1754662388,3,Ongoing
598,2012,Central Java,7556915763,6,Guilty
599,2018,Sulawesi,8176933411,5,Not Guilty
600,2016,Central Java,8844740923,3,Not Guilty
601,2003,Sulawesi,3861520142,6,Ongoing
602,2011,,,,Not Guilty
603,2008,Jakarta,3755775173,8,Ongoing
604,2018,Central Java,8591743770,2,Guilty
605,2011,Kalimantan,9317132282,1,Ongoing
606,2008,Sulawesi,5269766861,4,Not Guilty
607,2006,Central Java,7742052926,7,Guilty
608,2013,Sumatra,6353557562,3,Ongoing
609,2019,West Java,1811088359,3,Guilty
610,2018,Kalimantan,8445951141,5,Guilty
611,2014,Kalimantan,9138345173,5,Not Guilty
612,2015,Sulawesi,7299503954,3,Guilty
613,2020,Sumatra,3606457179,9,Not Guilty
614,2004,Sumatra,5234173623,4,Guilty
615,2002,Bali,4812425204,3,Ongoing
616,2011,Sulawesi,294522083,2,Guilty
617,2024,Jakarta,4494066504,9,Ongoing
618,2019,West Java,3542350029,4,Ongoing
619,2020,East Java,8909796724,3,Guilty
620,2003,Kalimantan,9563106856,7,Ongoing
621,2020,East Java,6867829352,8,Guilty
622,2022,,,,Guilty
623,2015,Central Java,5757999253,7,Ongoing
624,2024,East Java,4248844471,5,Ongoing
625,2006,Central Java,3600836221,5,Not Guilty
626,2012,Jakarta,1226312687,3,Ongoing
627,2020,,,,Not Guilty
628,2009,Central Java,9741026634,2,Ongoing
629,2006,Bali,6758483988,4,Guilty
630,2013,Central Java,1084651375,6,Ongoing
631,2004,West Java,3168820788,1,Guilty
632,2002,Jakarta,2256887560,4,Guilty
633,2022,West Java,141212104,6,Guilty
634,2010,West Java,278828065,9,Not Guilty
635,2010,Bali,108983879,2,Ongoing
636,2017,Jakarta,2983642006,7,Guilty
637,2014,,,,Guilty
638,2011,Sulawesi,9181594702,2,Not Guilty
639,2008,Jakarta,1464792274,8,Ongoing
640,2009,Jakarta,5003883891,7,Ongoing
641,2011,Jakarta,733643733,5,Not Guilty
642,2016,Bali,2748084978,5,Not Guilty
643,2005,Central Java,9156553627,7,Ongoing
644,2006,Sulawesi,7675034251,9,Not Guilty
645,2013,West Java,4170409090,9,Ongoing
646,2012,Jakarta,5424150571,9,Ongoing
647,2007,Kalimantan,5462346263,6,Guilty
648,2009,Central Java,6327045018,6,Guilty
649,2008,Central Java,1156169863,3,Ongoing
650,2017,West Java,8124844821,1,Ongoing
651,2001,Bali,13545745,7,Ongoing
652,2004,East Java,171793532,4,Ongoing
653,2004,East Java,8193135450,1,Ongoing
654,2005,Central Java,1935733752,8,Ongoing
655,2018,Sumatra,2032396460,6,Not Guilty
656,2007,Sumatra,2674701730,6,Ongoing
657,2015,West Java,2038053267,2,Not Guilty
658,2012,East Java,2307429628,1,Not Guilty
659,2000,Central Java,7964453488,2,Ongoing
660,2021,Bali,4508554672,4,Ongoing
661,2019,,,,Not Guilty
662,2016,Central Java,6283901286,1,Not Guilty
663,2006,Central Java,1884508468,7,Ongoing
664,2024,Jakarta,939492607,8,Ongoing
665,2012,Bali,6000196777,6,Not Guilty
666,2003,Jakarta,8781578613,4,Not Guilty
667,2003,West Java,5489204008,6,Not Guilty
668,2005,Jakarta,3508623255,3,Guilty
669,2018,Kalimantan,1223185776,8,Not Guilty
670,2011,Jakarta,3515170896,2,Guilty
671,2021,Kalimantan,128424038,5,Ongoing
672,2006,East Java,2901907711,1,Ongoing
673,2009,Sumatra,8783579181,6,Not Guilty
674,2018,Sulawesi,3992857278,2,Ongoing
675,2006,Sulawesi,5005512812,4,Ongoing
676,2002,Central Java,1675488999,6,Ongoing
677,2012,Sulawesi,1109845676,8,Ongoing
678,2012,Kalimantan,3086630041,8,Guilty
679,2017,,,,Guilty
680,2019,Jakarta,8599970541,4,Not Guilty
681,2007,Kalimantan,3564051438,8,Not Guilty
682,2008,Bali,8765133040,8,Not Guilty
683,2006,Sumatra,5398460625,1,Ongoing
684,2000,Sulawesi,7153375107,4,Ongoing
685,2002,Sumatra,7733465312,4,Guilty
686,2012,Sulawesi,4692327460,7,Guilty
687,2024,Jakarta,1737196427,7,Not Guilty
688,2016,,,,Guilty
689,2024,Jakarta,2777481993,5,Guilty
690,2023,East Java,8110066034,7,Guilty
691,2000,Kalimantan,6452700621,8,Guilty
692,2005,Central Java,4892415090,9,Guilty
693,2020,West Java,4793056520,3,Not Guilty
694,2005,Jakarta,663806054,3,Not Guilty
695,2011,Bali,6572263580,4,Guilty
696,2012,West Java,7856571330,5,Not Guilty
697,2012,Kalimantan,2985497064,1,Ongoing
698,2014,Sulawesi,6583006027,7,Guilty
699,2020,West Java,363462518,9,Ongoing
700,2015,Sulawesi,1716275726,8,Not Guilty
701,2021,Kalimantan,8204965796,5,Not Guilty
702,2020,Jakarta,3471430781,4,Ongoing
703,2010,Kalimantan,928933566,7,Not Guilty
704,2004,West Java,290414437,5,Guilty
705,2003,Bali,7954597546,7,Ongoing
706,2002,Sumatra,6030695395,1,Guilty
707,2018,West Java,8924286956,1,Ongoing
708,2019,Kalimantan,3702155813,3,Not Guilty
709,2024,Sumatra,6831224413,2,Ongoing
710,2017,Kalimantan,5946263903,2,Ongoing
711,2014,Bali,9015593558,7,Guilty
712,2008,Kalimantan,5885329978,2,Not Guilty
713,2016,Jakarta,118769333,4,Guilty
714,2013,Central Java,2259347927,2,Not Guilty
715,2014,Sulawesi,2774434374,6,Guilty
716,2000,Sulawesi,4066806894,8,Ongoing
717,2020,West Java,2222526217,4,Guilty
718,2021,Central Java,6855719882,5,Not Guilty
719,2021,Kalimantan,435908016,4,Not Guilty
720,2002,Bali,7934403711,3,Ongoing
721,2015,West Java,2281994183,5,Not Guilty
722,2022,Kalimantan,7911141615,9,Guilty
723,2024,Sumatra,453084766,8,Ongoing
724,2010,East Java,4175816689,8,Not Guilty
725,2011,Kalimantan,982343133,8,Not Guilty
726,2009,Central Java,9174144108,8,Guilty
727,2015,West Java,9487998957,7,Guilty
728,2007,Central Java,8271549354,8,Ongoing
729,2005,West Java,5994344562,8,Not Guilty
730,2011,Kalimantan,5641177925,8,Guilty
731,2023,Jakarta,9222560444,7,Ongoing
732,2020,Sumatra,4854518249,1,Not Guilty
733,2007,Kalimantan,3589360313,4,Not Guilty
734,2003,Sulawesi,1591842916,4,Ongoing
735,2007,Central Java,5905736379,5,Ongoing
736,2017,East Java,2036842082,6,Guilty
737,2004,East Java,379823452,4,Not Guilty
738,2008,,,,Not Guilty
739,2003,West Java,9241984189,6,Not Guilty
740,2021,Central Java,4170305823,8,Ongoing
741,2016,,,,Guilty
742,2008,Central Java,2287028684,7,Not Guilty
743,2000,Sulawesi,5018969004,6,Ongoing
744,2020,West Java,5356426612,2,Not Guilty
745,2019,Kalimantan,7847110561,7,Guilty
746,2012,Kalimantan,9351877945,5,Not Guilty
747,2015,East Java,2180465556,6,Guilty
748,2012,Kalimantan,7205323710,8,Guilty
749,2013,Kalimantan,9300643776,8,Not Guilty
750,2002,Sulawesi,9237419468,3,Not Guilty
751,2005,Jakarta,9481319971,7,Guilty
752,2017,East Java,3155988130,1,Ongoing
753,2018,Bali,3404853463,1,Guilty
754,2004,Sumatra,6277860690,7,Not Guilty
755,2014,Jakarta,3139839526,9,Not Guilty
756,2024,Bali,636587079,7,Ongoing
757,2001,West Java,3054226596,5,Guilty
758,2009,Jakarta,9159469630,8,Guilty
759,2023,Sulawesi,2574203297,2,Guilty
760,2017,Bali,1970098286,9,Not Guilty
761,2012,West Java,3204444469,6,Guilty
762,2004,,,,Ongoing
763,2022,Sumatra,4443977273,2,Not Guilty
764,2023,West Java,4077405618,3,Not Guilty
765,2000,Kalimantan,9889936630,8,Guilty
766,2021,Central Java,6406592291,1,Ongoing
767,2000,West Java,6539847818,7,Not Guilty
768,2017,West Java,2417828349,7,Not Guilty
769,2014,Sumatra,1556929586,1,Guilty
770,2016,Central Java,7412895760,9,Guilty
771,2010,Kalimantan,6254383386,8,Ongoing
772,2020,Bali,6200595611,4,Guilty
773,2024,Bali,2047480546,5,Ongoing
774,2021,West Java,256428423,2,Not Guilty
775,2016,Sulawesi,2750630800,9,Ongoing
776,2012,Sulawesi,1282768160,6,Ongoing
777,2000,Central Java,9930530942,3,Ongoing
778,2001,Central Java,5395683202,7,Not Guilty
779,2008,Kalimantan,8723176836,9,Guilty
780,2002,Sumatra,4173702638,3,Not Guilty
781,2000,East Java,5244061948,2,Guilty
782,2020,Bali,132208917,7,Ongoing
783,2015,Sumatra,6560386505,7,Ongoing
784,2022,Jakarta,7012723583,4,Ongoing
785,2005,Bali,7063946068,9,Ongoing
786,2016,Sumatra,5727940840,8,Ongoing
787,2004,Bali,3408601373,1,Guilty
788,2004,East Java,9452724145,1,Guilty
789,2005,Jakarta,386740263,5,Ongoing
790,2002,Sulawesi,8600888413,6,Not Guilty
791,2020,Sulawesi,8780608642,3,Not Guilty
792,2022,East Java,1468944227,9,Ongoing
793,2004,Kalimantan,2719311972,6,Guilty
794,2020,Jakarta,297479630,4,Not Guilty
795,2004,West Java,25334476,7,Not Guilty
796,2009,Sumatra,3531148027,8,Not Guilty
797,2009,Jakarta,4744379646,9,Ongoing
798,2018,Kalimantan,3106903393,6,Not Guilty
799,2016,Kalimantan,5499994637,6,Not Guilty
800,2020,East Java,4401187358,8,Not Guilty
801,2013,Bali,5610817162,5,Not Guilty
802,2008,Jakarta,2997840415,3,Guilty
803,2013,Sumatra,4322118252,3,Ongoing
804,2000,Jakarta,434539154,6,Ongoing
805,2018,Central Java,5336342459,2,Guilty
806,2012,Bali,7345866777,6,Guilty
807,2012,Sumatra,2865117943,6,Ongoing
808,2003,Sulawesi,9497655774,8,Not Guilty
809,2000,Sumatra,4950217911,7,Not Guilty
810,2016,West Java,5439150198,8,Ongoing
811,2007,East Java,8685539509,9,Not Guilty
812,2001,,,,Guilty
813,2007,Sumatra,3618353510,3,Not Guilty
814,2006,Bali,2358853072,3,Not Guilty
815,2001,Jakarta,942774493,1,Not Guilty
816,2021,Sulawesi,145608012,5,Ongoing
817,2021,Jakarta,922820562,4,Guilty
818,2002,Bali,1788227922,9,Not Guilty
819,2017,Sumatra,3263506264,9,Ongoing
820,2011,Kalimantan,5102746206,5,Not Guilty
821,2000,Jakarta,3092480758,4,Guilty
822,2021,Kalimantan,6245654153,7,Not Guilty
823,2011,Jakarta,7823990819,6,Guilty
824,2004,Jakarta,6285278961,4,Not Guilty
825,2024,Sulawesi,6715274845,2,Guilty
826,2016,East Java,9106131779,1,Not Guilty
827,2015,East Java,3938590330,4,Guilty
828,2014,Central Java,6020163147,4,Not Guilty
829,2022,West Java,9272220126,1,Not Guilty
830,2014,Bali,8084094817,6,Ongoing
831,2004,Bali,7834067255,4,Ongoing
832,2020,Bali,7395737790,1,Guilty
833,2013,Central Java,9757220264,1,Not Guilty
834,2001,East Java,9032235000,1,Guilty
835,2010,Sumatra,9402853168,8,Ongoing
836,2018,Kalimantan,7658998172,8,Guilty
837,2006,Sulawesi,7367035217,2,Guilty
838,2005,,,,Ongoing
839,2001,Sumatra,6301579591,8,Not Guilty
840,2005,Sulawesi,1462881221,8,Guilty
841,2017,Central Java,4040195563,7,Ongoing
842,2001,Sumatra,356260223,5,Not Guilty
843,2017,Bali,3999130843,1,Ongoing
844,2014,West Java,559044778,9,Guilty
845,2018,Jakarta,1815127698,7,Not Guilty
846,2001,Kalimantan,1621549829,2,Not Guilty
847,2019,East Java,499313616,6,Ongoing
848,2024,East Java,4477608982,2,Ongoing
849,2005,Central Java,6721030620,1,Ongoing
850,2000,Sulawesi,3996053883,7,Not Guilty
851,2023,East Java,4893465326,2,Not Guilty
852,2014,Bali,9682850068,2,Guilty
853,2022,Kalimantan,3761292074,5,Not Guilty
854,2009,Sumatra,786151076,5,Guilty
855,2018,Bali,1196888151,7,Ongoing
856,2016,Central Java,2904862723,1,Ongoing
857,2004,Bali,5451176200,8,Not Guilty
858,2003,Sumatra,2042855827,3,Ongoing
859,2009,West Java,4746114512,4,Ongoing
860,2023,,,,Not Guilty
861,2016,West Java,2045265826,4,Guilty
862,2009,Jakarta,9067579439,5,Not Guilty
863,2016,West Java,7020798271,7,Guilty
864,2019,Jakarta,7606444834,4,Not Guilty
865,2023,Jakarta,799962700,1,Not Guilty
866,2004,West Java,6667087140,9,Ongoing
867,2001,Central Java,1786836643,4,Not Guilty
868,2005,Sulawesi,3736604389,9,Not Guilty
869,2020,Sumatra,3420827299,6,Guilty
870,2001,Bali,3239504278,1,Ongoing
871,2012,Bali,155355436,3,Guilty
872,2010,Sumatra,5991338440,2,Guilty
873,2010,Kalimantan,9130916195,9,Ongoing
874,2015,Kalimantan,7461772866,1,Ongoing
875,2010,Jakarta,2931000411,9,Ongoing
876,2018,Jakarta,6783506048,9,Not Guilty
877,2014,Central Java,3537087088,8,Ongoing
878,2024,East Java,7654697589,8,Ongoing
879,2022,West Java,6631595124,1,Ongoing
880,2022,Jakarta,2956128393,8,Guilty
881,2015,Bali,5334872140,3,Guilty
882,2010,Central Java,3914010277,7,Not Guilty
883,2021,West Java,7342743952,1,Guilty
884,2015,,,,Not Guilty
885,2007,West Java,3162956738,5,Guilty
886,2003,West Java,3892523339,5,Ongoing
887,2007,Sumatra,5441328563,8,Guilty
888,2003,Jakarta,7570059648,7,Not Guilty
889,2023,Sulawesi,9534991376,8,Guilty
890,2024,Central Java,99655811190,6,Ongoing
891,2002,Sulawesi,329070825,6,Not Guilty
892,2002,Central Java,5875371304,2,Ongoing
893,2017,Sumatra,5076531172,6,Ongoing
894,2018,Bali,6166458310,5,Not Guilty
895,2018,Sulawesi,1469035736,3,Ongoing
896,2020,Bali,3175094902,6,Ongoing
897,2004,Kalimantan,5254876230,8,Guilty
898,2017,Jakarta,6746888779,9,Ongoing
899,2009,Jakarta,2350189279,1,Ongoing
900,2021,,,,Ongoing
901,2020,Sumatra,1251455031,3,Ongoing
902,2005,,,,Not Guilty
903,2000,,,,Guilty
904,2004,Central Java,6887085857,5,Ongoing
905,2008,Jakarta,8847414971,3,Ongoing
906,2011,Sulawesi,6796534851,2,Not Guilty
907,2013,Central Java,8548882087,8,Ongoing
908,2001,Central Java,1028179126,3,Not Guilty
909,2016,East Java,2280499575,7,Guilty
910,2013,Bali,7064465290,1,Guilty
911,2012,Jakarta,881387600,6,Ongoing
912,2008,Central Java,8144580600,3,Ongoing
913,2024,Jakarta,7934639704,8,Ongoing
914,2014,West Java,5649513530,6,Not Guilty
915,2024,East Java,1187430290,2,Ongoing
916,2021,West Java,2265586695,6,Ongoing
917,2014,Jakarta,9294798238,7,Guilty
918,2023,Kalimantan,4070031598,5,Ongoing
919,2010,Sulawesi,8851333854,3,Guilty
920,2015,Jakarta,2964526317,4,Ongoing
921,2016,Bali,7259909465,4,Guilty
922,2003,Central Java,3997925809,6,Ongoing
923,2000,Central Java,2136940691,1,Guilty
924,2007,West Java,8782334775,4,Not Guilty
925,2016,,,,Guilty
926,2002,East Java,5592689637,1,Guilty
927,2019,Kalimantan,4077229753,9,Guilty
928,2014,Sumatra,4134090861,4,Ongoing
929,2014,Sulawesi,2667782085,7,Ongoing
930,2023,Central Java,8284532861,3,Ongoing
931,2021,Bali,7563811837,3,Not Guilty
932,2013,Sulawesi,6644711565,8,Not Guilty
933,2022,West Java,5070383981,8,Guilty
934,2013,West Java,1970663198,1,Not Guilty
935,2023,Sumatra,6704904770,2,Guilty
936,2001,Bali,8006654021,8,Guilty
937,2012,East Java,2068311111,1,Guilty
938,2013,Sulawesi,589406480,8,Not Guilty
939,2023,,,,Ongoing
940,2018,East Java,4763660520,2,Not Guilty
941,2006,Bali,6540258301,4,Guilty
942,2002,Bali,942102411,6,Guilty
943,2014,Jakarta,3949738833,9,Not Guilty
944,2022,West Java,9347258902,8,Guilty
945,2013,Sulawesi,9509873061,8,Guilty
946,2010,Bali,4351928849,7,Not Guilty
947,2014,Sulawesi,4356913093,9,Not Guilty
948,2012,,,,Not Guilty
949,2017,Bali,4093660559,3,Guilty
950,2005,Central Java,8449426913,8,Guilty
951,2002,West Java,3669855145,6,Ongoing
952,2018,Central Java,9587538077,9,Ongoing
953,2014,Sulawesi,1969102826,4,Not Guilty
954,2024,Sulawesi,7969053340,8,Ongoing
955,2022,West Java,6886108779,3,Guilty
956,2004,Sulawesi,3589049316,3,Ongoing
957,2009,Central Java,7665029219,8,Guilty
958,2006,Bali,1620140571,5,Not Guilty
959,2024,Bali,7752355646,3,Not Guilty
960,2016,Jakarta,8788746772,1,Guilty
961,2006,Sumatra,6506516598,3,Ongoing
962,2021,Sulawesi,9681087829,9,Not Guilty
963,2011,Central Java,1056734938,5,Not Guilty
964,2024,Sulawesi,1730859932,2,Ongoing
965,2016,Sulawesi,2901740,7,Ongoing
966,2012,East Java,8167378211,2,Guilty
967,2019,Jakarta,661596149,4,Ongoing
968,2024,Central Java,2069238662,7,Ongoing
969,2003,Central Java,2730209666,4,Ongoing
970,2009,Sulawesi,141093021,7,Guilty
971,2002,Jakarta,8838766754,7,Guilty
972,2008,Bali,1909534630,1,Not Guilty
973,2012,Central Java,9774403993,6,Guilty
974,2017,,,,Not Guilty
975,2014,,,,Ongoing
976,2003,Bali,8171043136,3,Not Guilty
977,2014,West Java,8064180953,5,Not Guilty
978,2021,East Java,4185896915,9,Ongoing
979,2001,Kalimantan,7902950266,4,Not Guilty
980,2014,Central Java,983235012,1,Guilty
981,2007,Sumatra,8403330816,4,Guilty
982,2007,East Java,637419349,6,Guilty
983,2016,Kalimantan,7214612023,5,Guilty
984,2011,Bali,966896104,1,Not Guilty
985,2018,Central Java,1853765763,4,Not Guilty
986,2009,Bali,3089768255,6,Ongoing
987,2008,,,,Not Guilty
988,2004,Jakarta,7902278066,9,Not Guilty
989,2005,Central Java,9208612524,5,Not Guilty
990,2019,Kalimantan,3278525453,8,Ongoing
991,2001,Kalimantan,,,Guilty
992,2023,West Java,,,Not Guilty
993,2012,West Java,,,Ongoing
994,2005,Sulawesi,,,Ongoing
995,2004,Central Java,,,Ongoing
996,2024,Bali,0,0,Guilty
997,2000,Sumatra,0,0,Not Guilty
998,2020,Kalimantan,0,0,Ongoing
999,2021,Kalimantan,0,0,Guilty
1000,2020,West Java,0,0,Ongoing
